{"eval/samples_per_second":7.612,"train/epoch":9.995022399203584,"eval/loss":0.6219972372055054,"_step":7543,"train_steps_per_second":0.28,"train/grad_norm":0.10392671823501587,"train/global_step":7530,"eval/steps_per_second":0.96,"train_runtime":26910.945,"total_flos":8.9917827577344e+16,"_timestamp":1.7296804780114639e+09,"train/loss":0.0435,"train_samples_per_second":2.24,"eval/runtime":98.9185,"train/learning_rate":0,"_runtime":28944.195746336,"train_loss":0.15084042684243099,"_wandb":{"runtime":28944}}