{"train/global_step":3765,"_wandb":{"runtime":8222},"train/learning_rate":5.920082598365184e-10,"eval/samples_per_second":51.514,"train/loss":1.2685,"train_loss":2.4625754841453684,"eval/steps_per_second":6.499,"train_steps_per_second":0.459,"train/grad_norm":2.36152982711792,"eval/runtime":14.6173,"train/epoch":4.997511199601792,"_step":3770,"total_flos":4.3087525358592e+15,"train_runtime":8203.7935,"train_samples_per_second":3.673,"eval/loss":3.8140766620635986,"_runtime":8222.460144477,"_timestamp":1.729548986758265e+09}